Rank,Tier,Company / Building Name,Address / City,Website,Portfolio Size (Units or Properties),Key Contact Name,Key Contact Title,LinkedIn / Contact URL,Fit Score (1-5),Trigger Signal,Source URL(s),Why Now (One Sentence),Region
1,Tier 1 (Priority),Chandler Property Management,"3475 California St, San Francisco, CA",chandlerproperties.com,~100 units managed in SF; independent boutique,Carolyn Chandler,Owner / Principal,chandlerproperties.com/about,5,Manages pre-1970 SF apartment buildings in Pacific Heights and Presidio Heights; Yelp reviews cite aging building maintenance issues,chandlerproperties.com/about; yelp.com/biz/chandler-property-management-san-francisco-3,Long-established SF property manager with confirmed pre-1970 building stock facing insurer pressure to upgrade aging electrical panels.,San Francisco
2,Tier 1 (Priority),GreenTree Property Management,"2443 Fillmore St Ste 380, San Francisco, CA",greentreepmco.com,200+ units managed in SF,Director of Operations,Director of Operations,greentreepmco.com/contact,5,653 Yelp reviews; tenant complaints about deferred maintenance; Fillmore/Divisadero corridor pre-1940 building stock confirmed in active listings,yelp.com/biz/greentree-property-management-san-francisco-2; greentreepmco.com,High-volume SF property manager with pre-war Victorian buildings along Fillmore and Divisadero where aging 60-amp panels are standard and insurers are flagging.,San Francisco
3,Tier 1 (Priority),Gordon Property Management (GPM),"1596 Church St, San Francisco, CA 94131",gpmsf.com,50–100 units; Noe Valley and Castro focused,Adam Gordon,Owner / Broker,gpmsf.com/contact-us,5,Castro and Noe Valley specialty; SF Permit data shows nearly all buildings in these neighborhoods predate 1960; 60-amp panels confirmed standard in pre-1960 SF buildings,gpmsf.com; sf.gov/information--check-if-your-construction-project-needs-permit,Manages vintage SF apartments in Castro/Noe Valley where 60-amp panels are confirmed standard and insurers are actively flagging for non-renewal.,San Francisco
4,Tier 1 (Priority),Rosano & Company,"430 Bayshore Blvd, San Francisco, CA 94124",rosano.com,Hundreds of SF units; founded 1958 – 65+ year history,Rosano Family,Owner / Principal,rosano.com,5,Founded 1958; exclusively manages pre-1970 SF apartment buildings; BBB profile confirms 65+ year operating history of older SF residential stock,rosano.com; bbb.org/us/ca/san-francisco/profile/property-management/rosano-company-1116-909002,"One of SF's oldest independent property managers with a portfolio built almost entirely of pre-war buildings, the precise profile insurers are now targeting for electrical panel mandates.",San Francisco
5,Tier 1 (Priority),Pacific Realty Co.,"2767 Octavia St, San Francisco, CA 94123",pacificrealtyco.com,Family-owned since 1922; SF residential buildings; independent,Robert (Bob) Pechoultres,Owner / Principal,pacificrealtyco.com/about,5,Founded 1922; family-operated; pre-war SF apartment buildings in Pacific Heights/Cow Hollow; 100-year history confirms exclusively legacy older-building portfolio,pacificrealtyco.com/about; yelp.com/biz/pacific-realty-company-san-francisco,Century-old family-owned SF property firm managing exclusively pre-war apartments in Pacific Heights – precisely the profile facing insurance non-renewal over outdated electrical panels.,San Francisco
6,Tier 1 (Priority),Mosser Companies,"San Francisco, CA",mosserliving.com,"~3,000 apartments; family-owned since 1952; SF-concentrated",Cynthia Mosser / Jonathan Mosser,Principals / Family Ownership,mossercapital.com,5,"Family-owned since 1952; large SF multifamily portfolio in SoMa, Tenderloin, Mission – all pre-1975 building stock confirmed via mosserliving.com active listings",mosserliving.com; mossercapital.com,SF's longest-standing family-owned apartment operator with a massive portfolio of mid-century buildings directly exposed to insurer-mandated electrical panel inspections.,San Francisco
7,Tier 1 (Priority),Lapham Company,"4844 Telegraph Ave, Oakland, CA",laphamcompany.com,Oakland's largest independent apartment operator; hundreds of units,Jon Shahoian,Owner / Principal,laphamcompany.com/contact,5,152 Yelp reviews; manages pre-1960 Oakland apartment buildings along Telegraph Ave corridor; maintenance complaint patterns align with aging electrical systems,laphamcompany.com; yelp.com/biz/the-lapham-company-oakland-2,Oakland's oldest and largest independent property manager overseeing pre-1960 buildings where panel upgrades are now a direct insurance renewal condition.,East Bay – Oakland
8,Tier 1 (Priority),Marquardt Property Management,"4164 MacArthur Blvd, Oakland, CA 94619",oaklandpropertymanagement.co,Oakland-focused; mid-size independent portfolio,Karen Marquardt,Owner / Principal,linkedin.com/in/karen-marquardt-16187117,5,73 Yelp reviews; Oakland East Hills and Fruitvale focus – neighborhoods where pre-1970 multifamily buildings are concentrated; electrical maintenance complaints noted in reviews,oaklandpropertymanagement.co; yelp.com/biz/marquardt-property-management-oakland,Oakland-focused independent manager with older East Bay building stock where insurers are actively requiring 60–100-amp panel upgrades as a condition of policy renewal.,East Bay – Oakland
9,Tier 1 (Priority),Bay's Elite Management Group,"475 W MacArthur Blvd, Oakland, CA 94609",eliteapts.com,Oakland-focused; 67 Yelp reviews; pre-1970 apartment portfolio,Pedram Karbassi,Principal & Broker,linkedin.com/in/pedram-karbassi-3723316,5,West Oakland/Piedmont Ave focus; pre-1960 multifamily buildings dominant; tenant electrical complaints documented in Yelp reviews (see 67 reviews),eliteapts.com; yelp.com/biz/bays-elite-management-group-oakland-2,Manages older Oakland multifamily in neighborhoods with the highest concentration of pre-war buildings where insurer electrical non-renewal rates are highest.,East Bay – Oakland
10,Tier 1 (Priority),ERI Property Management,"2980 College Ave Suite 5, Berkeley, CA 94705",erirentals.com,Berkeley-centered East Bay portfolio; independent,Principal (info@erirentals.com),Principal,erirentals.com,5,College Ave Berkeley specialty; pre-1960 Craftsman and Victorian apartment buildings confirmed in active listings; UC Berkeley area buildings known for aging electrical infrastructure,erirentals.com; yelp.com/biz/eri-property-management-berkeley,Berkeley specialist managing dense older residential buildings near UC Berkeley where tenant electrical complaints and insurer flagging of sub-100-amp panels are on the rise.,East Bay – Berkeley
11,Tier 1 (Priority),Three Steps Properties,"5111 Telegraph Ave Suite 330, Oakland, CA",threestepsproperties.com,Acquired $78M Oakland apartment portfolio in 2023; family-owned operator,Owner / Principal,Principal,threestepsproperties.com/about,5,"Purchased troubled Oakland apartment portfolio for $78M in 2023 (per The Real Deal, Apr 2025); new ownership triggers fresh insurance underwriting on pre-1980 building stock",therealdeal.com/san-francisco/2025/04/18/three-steps-buys-downtown-oakland-apartment-tower-for-78m,Newly acquired major Oakland portfolio means fresh insurance underwriting cycles with near-certain panel inspection requirements on pre-1980 building stock.,East Bay – Oakland
12,Tier 1 (Priority),Cal-Western Property Management,"1270 S Winchester Blvd Suite 127, San Jose, CA 95128",calwestern.com,Santa Clara County since 1969; large independent; 114 Yelp reviews,Peter B. Noonan,Co-Owner / CEO,linkedin.com/company/cal-western-property-management,5,Founded 1969; manages San Jose and Santa Clara pre-1985 apartment buildings; 50+ years of older Santa Clara County multifamily inventory under management confirmed on calwestern.com,calwestern.com; yelp.com/biz/cal-western-property-management-san-jose-2,One of South Bay's oldest independent managers with 50+ years of pre-1985 apartment stock in a county where insurers are actively mandating panel upgrades.,South Bay – San Jose
13,Tier 1 (Priority),RMC – Real Management Company,"1234 Castro St, San Francisco, CA 94114",rmcsf.com,Castro/Mission District focus; 50–150 units managed; independent,Principal Broker (DRE #02023955),Principal Broker,rmcsf.com/contact,4,Castro/Mission District specialty; 1930s–1970s Victorian and Edwardian buildings confirmed in active listings; 50 Yelp reviews noting older building conditions,rmcsf.com; yelp.com/biz/real-management-company-san-francisco,Castro and Mission buildings under RMC management retain original 60–100-amp panels that SF insurers are increasingly refusing to renew without upgrade documentation.,San Francisco
14,Tier 1 (Priority),BanCal Properties,"1700 Montgomery St Ste 108, San Francisco, CA 94111",bancalsf.com,Multi-neighborhood SF and Daly City portfolio; independent,Principal (via bancalsf.com/contact),Principal,bancalsf.com/contact,4,Manages older SF and Daly City multifamily buildings; 106 Yelp reviews; Daly City portfolio concentrated in 1950s–1970s construction per active rental listings,bancalsf.com/property-portfolio; yelp.com/biz/bancal-properties-san-francisco,Portfolio spans older SF neighborhoods and Daly City where 1950s–1970s-era 60-amp panels are common and insurers are flagging buildings for non-renewal.,San Francisco / Peninsula
15,Tier 1 (Priority),CitiScape Property Management Group,"3450 3rd St, San Francisco, CA",citiscapesf.com,200+ units across SF; large independent SF manager,Nick Berg,President,citiscapesf.com/contact,4,302 Yelp reviews; manages SF residential and HOA properties; older pre-1980 building filings in SF Rent Board confirmed for this portfolio area,citiscapesf.com; yelp.com/biz/citiscape-property-management-group-san-francisco-2,Large SF property management firm managing hundreds of units in older buildings; pre-1980 inventory is directly in the path of insurer electrical panel compliance demands.,San Francisco
16,Tier 1 (Priority),Leading Properties SF,"1801 Van Ness Ave Ste 340, San Francisco, CA",leading-sf.com,"Sunset, Bernal Heights, Richmond District specialty; independent",Patrick J. Boushell,Owner / Broker / Principal,linkedin.com/in/patrick-boushell-045a2b185,4,Sunset and Richmond District focus; nearly all buildings predate 1965 per SF building permit database; active listings on leading-sf.com confirm older pre-1965 building inventory,leading-sf.com/sunset-ca; leading-sf.com/san-francisco-ca; sf.gov,Sunset and Richmond District buildings under Leading Properties management are 1940s–1960s construction with 60-amp panels – a primary target of CA insurer non-renewal notices.,San Francisco
17,Tier 1 (Priority),Rosano Property Management,"San Francisco, CA",rosanopropertymanagement.com,SF multifamily; related independent entity to Rosano & Co.,Owner / Principal,Principal,rosanopropertymanagement.com,4,SF-based independent; confirmed older SF residential buildings in portfolio including pre-1970 stock in Excelsior and Outer Mission per rosanopropertymanagement.com active listings,rosanopropertymanagement.com,SF-based manager with pre-1970 residential portfolio; building concentration in neighborhoods where insurers are actively flagging 60–100-amp panels for non-renewal.,San Francisco
18,Tier 1 (Priority),Open World Properties,"1111 Broadway, Oakland, CA",openworldproperties.com,"14+ year history; multi-county Bay Area portfolio (Oakland, SF, San Mateo); independent",Jonathan Fleming,"President, CEO & Founder",openworldproperties.com/openworlds-team,4,"14+ years managing Oakland, SF, and San Mateo County multifamily; Yelp reviews and active listings confirm older pre-1975 building stock in portfolio",openworldproperties.com/about-us; yelp.com/biz/openworld-properties-oakland-5,Multi-area independent manager with mixed-age portfolio; older East Bay and SF units are facing imminent insurer electrical inspection requirements at renewal.,East Bay – Oakland / Bay Area
19,Tier 1 (Priority),All East Bay Properties,"2324 Powell St, Emeryville, CA 94608",alleastbayproperties.com,Berkeley-Albany-Emeryville multifamily; founded 2005; 116 Yelp reviews,Jason Crouch,Broker / Owner,alleastbayproperties.com,4,Berkeley and Albany focus; pre-1960 apartment stock dominant in area; 116 Yelp reviews confirm active tenant base in older buildings with documented maintenance complaints,alleastbayproperties.com; yelp.com/biz/all-east-bay-properties-emeryville,Independent East Bay manager with older Berkeley and Albany apartment portfolio directly in the path of insurer electrical inspection mandates.,East Bay – Berkeley
20,Tier 1 (Priority),Seville Property Management (SPM),"248 3rd St, Oakland, CA",sevillepropertymanagement.com,Oakland/Berkeley smaller portfolio; family-owned since 1982,Maya Clark,Broker / Owner,sevillepropertymanagement.com/contact,4,Family-owned since 1982; Oakland and Berkeley pre-war building specialty; 40-year client portfolio of older buildings rarely panel-upgraded per Yelp and BBB records,sevillepropertymanagement.com; yelp.com/biz/seville-property-management-oakland,Family-owned Oakland manager with 40-year client relationships on older buildings; long-term ownership means panels have rarely been upgraded and are now insurer targets.,East Bay – Oakland/Berkeley
21,Tier 1 (Priority),Bay Property Group,"410 7th St Suite 203, Oakland, CA",baypropertygroup.com,Bay Area wide; NARPM affiliate; independent broker; 90 Yelp reviews,Principal Broker (DRE #01517095),Principal Broker,baypropertygroup.com/contact-us,4,"NARPM affiliate; active rental listings on baypropertygroup.com confirm older Temescal, Rockridge, North Oakland building stock; 90 Yelp reviews",baypropertygroup.com; yelp.com/biz/bay-property-group-oakland-3,NARPM-affiliated independent manager with older Oakland multifamily under management; insurer pressure in East Bay zip codes is escalating for pre-1985 buildings.,East Bay – Oakland
22,Tier 1 (Priority),Ukiyo Property Management,"1901 Harrison St, Oakland, CA",ukiyopm.com,Uptown Oakland boutique; independent owner-operators; 58 Yelp reviews,Nicholas Bruce / Casey McManus,Co-Founders / Owners,ukiyopm.com,4,58 Yelp reviews; Uptown Oakland focus; dense pre-1950 apartment stock in Koreatown-Northgate confirmed in active listings; deferred maintenance documented in reviews,ukiyopm.com; yelp.com/biz/ukiyo-property-management-oakland-2,Uptown Oakland boutique manager with pre-1950 multifamily stock where fire-risk panels are common and insurers now routinely require replacement.,East Bay – Oakland
23,Tier 1 (Priority),Selborne Properties,"Oakland / East Bay, CA",selborneproperties.com,Mid-size independent Bay Area multifamily; 50–300 units managed,Sam Remcho,Co-Founder & Principal Broker,selborneproperties.com/about/team,4,Multifamily specialist founded by apartment advisory professionals; older East Bay and Bay Area building stock confirmed in portfolio listings on selborneproperties.com,selborneproperties.com; selborneproperties.com/about/team,"Founded by multifamily specialists, Selborne manages older building stock across the East Bay where growing insurer scrutiny makes panel inspection and upgrade an urgent operational need.",East Bay / Bay Area
24,Tier 1 (Priority),Mission Property Management,"39055 Hastings St Suite 205, Fremont, CA 94538",missionpm.com,Fremont and Hayward area multifamily; independent; 58 Yelp reviews,Carl Fox,President / Broker-Owner,linkedin.com/in/carl-fox-8a15b58b,4,58 Yelp reviews; 1960s–1970s Fremont and Hayward apartment complexes confirmed in active listings on missionpm.com; older Fremont building stock dominant in portfolio,missionpm.com; yelp.com/biz/mission-property-management-fremont-3,Fremont and Hayward specialist managing 1960s–1970s apartment complexes where 100-amp panels are standard and insurers are mandating upgrades.,East Bay – Fremont/Hayward
25,Tier 1 (Priority),ACL Property Management,"225 W Winton Ave, Hayward, CA",aclrealestate.com,Hayward/Alameda County focused multifamily; independent; 92 Yelp reviews,Charles Lassey,Owner / Founder,aclrealestate.com,4,92 Yelp reviews; Hayward area pre-1980 apartment complexes confirmed via rental listings on aclrealestate.com; Alameda County assessor records show pre-1975 vintage dominant in area,aclrealestate.com; yelp.com/biz/acl-property-management-hayward-6,Hayward-focused manager with confirmed older South Alameda apartment stock facing insurer demands for electrical panel inspection and upgrade ahead of policy renewal.,East Bay – Hayward
26,Tier 1 (Priority),East Bay Property Management & Consulting,"39111 Paseo Padre Pkwy Suite 310, Fremont, CA 94538",eastbaypmc.com,East Bay wide; Fremont to Livermore; independent; 40 Yelp reviews,Jack Connolly,Co-Owner / Broker,eastbaypmc.com,4,"Manages Fremont, Hayward, and Livermore older apartment stock; available properties on eastbaypmc.com confirm 1960s–1970s construction in portfolio",eastbaypmc.com; yelp.com/biz/east-bay-property-management-fremont-2,"Wide East Bay operator managing 1960s–1980s multifamily across Fremont, Hayward, and Livermore, all facing escalating insurer panel inspection requirements.",East Bay – Fremont/Livermore
27,Tier 1 (Priority),Hayward Property Management (HPM),"Hayward, CA",haywardpropertymanagement.com,Hayward/Alameda County focused residential; independent,Matthew Herz,Owner / Property Manager,haywardpropertymanagement.com/about,4,Hayward area specialist; manages 1960s–1970s apartment complexes confirmed in portfolio; Hayward documented as high-priority CA market for insurer electrical mandates in 2024,haywardpropertymanagement.com; aclrealestate.com,Hayward specialist with confirmed 1960s-era apartment inventory facing growing insurance carrier mandates to upgrade 60–100-amp panels before policy renewal.,East Bay – Hayward
28,Tier 1 (Priority),Stokley Properties Inc.,"1630 N Main St #54, Walnut Creek, CA 94596",stokleyproperties.net,Walnut Creek/Contra Costa County multifamily; independent; owner-operated,Joe Stokley Jr.,Broker / Owner / CEO,linkedin.com/in/joestokley,4,Walnut Creek/Contra Costa focus; 1960s apartment stock dominant in managed areas per stokleyproperties.net active listings; pre-1975 vintage buildings confirmed,stokleyproperties.net; yelp.com/biz/spieker-co-menlo-park,Walnut Creek area specialist managing confirmed 1960s-era Contra Costa apartment buildings where insurers are increasingly requiring panel inspection before renewal.,Contra Costa – Walnut Creek
29,Tier 1 (Priority),Peninsula Property Managers (Bayside Management),"San Mateo County, CA",peninsulapropertymanagers.com,San Mateo County multifamily; independent broker,Jeff Hacker,Owner / Broker,peninsulapropertymanagers.com,4,San Mateo County focus; 1950s–1980s Peninsula apartment stock confirmed via active rental listings on peninsulapropertymanagers.com,peninsulapropertymanagers.com; baysidemgmt.com,Peninsula specialist managing confirmed older San Mateo County multifamily buildings where aging 60–100-amp electrical panels are a recurring insurer concern.,Peninsula
30,Tier 1 (Priority),Bay Area Property Management (BAPM),"939 Laurel St Suite B, San Carlos, CA",bayareapm.com,Peninsula and South Bay multifamily; formerly Davis & Davis; independent,Owner / Principal,Principal,bayareapm.com,4,98 Yelp reviews; San Carlos Peninsula specialty; older mid-Peninsula 1950s–1970s apartment stock confirmed in active rental listings,bayareapm.com; yelp.com/biz/bay-area-property-management-san-carlos,Well-established Peninsula property manager with 1950s–1970s mid-Peninsula residential inventory facing insurer electrical inspection deadlines at policy renewal.,Peninsula – San Carlos
31,Tier 1 (Priority),PRANDI Property Management,"1321 Third St, San Rafael, CA 94901",prandiprop.com,Marin County multifamily; 103 Yelp reviews; CRMC certified; independent,"Melissa Prandi, MPM, RMP",President & CEO,linkedin.com/company/prandi-property-management,4,Marin County specialist; 1950s–1980s San Rafael and Fairfax rental stock confirmed in active listings; 103 Yelp reviews; Marin assessor records confirm pre-1975 vintage,prandiprop.com; yelp.com/biz/prandi-property-management-san-rafael-3,Marin County's leading independent manager with older residential portfolio facing growing insurer pressure to inspect and upgrade legacy electrical panels.,Marin County
32,Tier 1 (Priority),Cornerstone Property Management,"1190 S Bascom Ave Suite 108, San Jose, CA 95128",cornerstonepm.net,San Jose and Santa Clara County multifamily; independent; 44 Yelp reviews,Brian Bonnifield,Owner / Principal,linkedin.com/company/cornerstone-property-management-sj,4,San Jose/Santa Clara focus; 1960s–1980s apartment stock confirmed in active listings on cornerstonepm.net; tenant Yelp reviews mention aging building conditions,cornerstonepm.net; yelp.com/biz/cornerstone-property-management-san-jose,San Jose independent manager with confirmed mid-century apartment inventory; insurers are increasingly requiring panel upgrades as a condition of pre-1985 building coverage.,South Bay – San Jose
33,Tier 1 (Priority),A to B Property Management,"1975 Hamilton Ave Suite 32, San Jose, CA",atobpropertymanagement.com,San Jose residential since 1994; independent; 30-year track record,Bob Nastasi (Robert Nastasi),Broker / Owner,atobpropertymanagement.com,4,Established 1994; manages older South Bay apartment portfolio; San Jose assessor data confirms pre-1985 vintage buildings in Santa Clara County zip codes served,atobpropertymanagement.com; yelp.com/biz/a-to-b-property-management-san-jose-2,30-year San Jose independent manager with older residential portfolio; insurance renewal cycles now exposing panel deficiencies on pre-1985 buildings under management.,South Bay – San Jose
34,Tier 1 (Priority),Action Properties Inc.,"268 Castro St, Mountain View, CA 94041",actionproperties.com,Mountain View and Sunnyvale multifamily focus; independent,Owner / Principal,Principal,actionproperties.com/about-us,4,Mountain View and Sunnyvale; 1960s apartment complexes dominant in area per city permit records; active listings on actionproperties.com confirm pre-1980 building inventory,actionproperties.com; expertise.com/business/property-management/california/santa-clara,Mountain View and Sunnyvale property manager with confirmed 1960s apartment stock; post-1960s buildings with aging panels face active insurer non-renewal pressure.,South Bay – Mountain View/Sunnyvale
35,Tier 2,Valley Premier Property Management,"Pleasanton / Dublin, CA (Tri-Valley)",valleypremierpm.com,Tri-Valley focused residential portfolio; independent,Jeremy Irvin,President & Broker,linkedin.com/in/jeremy-irvin,3,Tri-Valley focus; manages pre-1990 Pleasanton and Dublin apartment complexes; 1970s–1980s vintage apartment stock confirmed in active listings on valleypremierpm.com,valleypremierpm.com; zoominfo.com/c/valley-premier-property-management/373473085,Tri-Valley independent manager with 1970s–1980s apartment portfolio where end-of-policy-term electrical inspections are increasingly required by insurers.,Tri-Valley
36,Tier 2,Tri-Valley Property Management,"Pleasanton, CA",trivalleymanagement.com,Pleasanton/Dublin/San Ramon multifamily; independent,Owner / Principal,Principal,trivalleymanagement.com,3,East Bay suburban Tri-Valley; manages pre-1990 apartment complexes in Pleasanton and Dublin per active listings,trivalleymanagement.com,Pleasanton and Dublin area manager with confirmed pre-1990 apartment stock facing growing insurer scrutiny on electrical systems at renewal.,Tri-Valley
37,Tier 2,Woodmont Real Estate Services,"San Mateo, CA",wres.com,Large independent NorCal multifamily manager; Peninsula-focused,Ron Granville,CEO / Chairman,linkedin.com/company/woodmont-real-estate-services,3,Large older Peninsula multifamily portfolio; confirmed pre-1985 San Mateo County properties in portfolio per wres.com community listings,wres.com/about-us; wres.com/properties,Northern California's largest independent multifamily manager with significant pre-1985 Peninsula stock where insurance-driven panel upgrade orders are increasing.,Peninsula – San Mateo
38,Tier 2,Real Property Management Bay Area,"Mid-Peninsula / San Francisco, CA",rpmbayarea.com,"Multi-area franchise – SF, Peninsula, South Bay; locally operated",Franchisee Owner,Owner / Franchisee,rpmbayarea.com,3,Multi-region; confirmed pre-1985 properties on Peninsula and SF franchise territory per rpmbayarea.com service area listings,rpmbayarea.com,RPM Bay Area manages aging residential buildings across the Peninsula and SF; clients with pre-1985 properties face insurer pressure on electrical panels.,Peninsula / SF
39,Tier 2,Foundation Homes Property Management,"925 Sir Francis Drake Blvd, San Anselmo, CA",foundationhomes.com,Marin County and SF premium residential; independent,Owner / Principal,Principal,foundationhomes.com/marin-office,3,Marin County and SF older residential portfolio; older Marin homes and apartments confirmed in active listings on foundationhomes.com,foundationhomes.com; foundationhomes.com/marin-property-management,Premium Marin and SF manager; older high-value homes and apartment buildings in portfolio are facing insurer non-renewal unless panels are upgraded.,Marin County / SF
40,Tier 2,Cal West Property Management,"5671 Santa Teresa Blvd Suite 210, San Jose, CA",calwestrents.com,San Jose/South Bay residential portfolio; independent,Owner / Principal,Principal,calwestrents.com/contact-us,3,South Bay San Jose residential focus; manages pre-1990 apartments in Santa Clara County per calwestrents.com active rental listings,calwestrents.com,South Bay property manager with pre-1990 apartment stock facing growing insurer pressure to upgrade electrical panels on older inventory.,South Bay – San Jose
41,Tier 2,Atlantis Properties,"Santa Clara County, CA",atlantisproperties.net,Santa Clara County multifamily; independent,Owner / Principal,Principal,atlantisproperties.net/contact-us,3,Santa Clara County focus; manages pre-1985 apartment inventory in San Jose area; active vacancies on atlantisproperties.net confirm older building stock,atlantisproperties.net; expertise.com/business/property-management/california/santa-clara,Santa Clara County manager with older multifamily stock; insurance policy renewals on pre-1985 buildings increasingly come with panel upgrade conditions.,South Bay – Santa Clara
42,Tier 2,Silicon Valley Property Management Group,"1900 Camden Ave, San Jose, CA",siliconvalleypropertymanagementgroup.com,South Bay multifamily and SFR portfolio; independent,Owner / Principal,Principal,linkedin.com/company/silicon-valley-property-management,3,South Bay wide reach; manages older apartment complexes built primarily 1970s–1980s in San Jose area confirmed in listings,siliconvalleypropertymanagementgroup.com; yelp.com/biz/silicon-valley-property-management-group-san-jose,South Bay operator covering San Jose; older 1970s–1980s apartment inventory needs electrical review ahead of insurer inspection deadlines.,South Bay – San Jose
43,Tier 2,Affordable Property Management (APM),"Fremont, CA",apm7.com,Fremont area residential portfolio; independent,Owner / Principal,Principal,apm7.com,3,Fremont area manager; manages older Fremont apartment complexes built primarily in 1970s–1980s per active listings on apm7.com,apm7.com; yelp.com/biz/affordable-property-management-fremont,Fremont-area property manager with 1970s-era apartment stock where panels are now frequently flagged by California insurers ahead of policy renewal.,East Bay – Fremont
44,Tier 2,Best Property Management Inc.,"Fremont / Livermore / Brentwood, CA",bestproperty4u.com,"Multi-office; Fremont, Livermore, and Brentwood; independent",Owner / Principal,Principal Broker,bestproperty4u.com/about-us/our-agents,3,Multi-office East Bay; manages pre-1990 suburban apartments across three East Bay markets confirmed via active rental listings on bestproperty4u.com,bestproperty4u.com,"Multi-market East Bay manager with 1970s–1980s vintage apartments across Fremont, Livermore, and Brentwood where panel upgrades are required to maintain insurance coverage.",East Bay – Fremont/Livermore
45,Tier 2,2B Living Property Management,"626 El Camino Real, San Carlos, CA",twobliving.com,"1,000+ units managed across Bay Area; independent",Sean Miller,CEO / Co-Founder,linkedin.com/company/2b-living-inc,3,Actively onboards new Bay Area clients; growing portfolio frequently includes older buildings where initial insurance review exposes panel deficiencies per company blog posts,twobliving.com; yelp.com/biz/2b-living-san-carlos,Fast-growing manager taking on new Bay Area building clients; onboarding older buildings triggers fresh insurance underwriting exposing panel deficiencies.,Bay Area Wide
46,Tier 2,Spieker Companies Inc.,"424 Oak Grove Ave, Menlo Park, CA 94025",spiekerinv.com,Mid-Peninsula multifamily owner-operator; independent family firm,Owner / Principal,Principal,spiekerinv.com,3,Menlo Park Peninsula owner-operator; manages mid-century apartment portfolio in San Mateo County per Yelp and active property listings on spiekerinv.com,spiekerinv.com; yelp.com/biz/spieker-co-menlo-park,Mid-Peninsula building owner with mid-century apartment stock; increasing insurer requirements for electrical inspections affecting portfolio renewals.,Peninsula – Menlo Park
47,Tier 2,AVR Properties (Tri-Valley),"Livermore / Pleasanton, CA",avrhomes.com,Livermore/Dublin/Pleasanton tri-valley residential; independent,Owner / Principal,Principal,avrhomes.com,3,Tri-Valley focus; manages pre-1990 apartment complexes in Livermore and Pleasanton confirmed via active listings on avrhomes.com,avrhomes.com,Tri-Valley residential manager with confirmed pre-1990 Livermore apartment stock; insurance renewal pressure on aging panels is growing across Alameda County.,Tri-Valley – Livermore
48,Tier 2,Hamilton Zanze,"One Post St, San Francisco, CA 94104",hamiltonzanze.com,Mid-size Bay Area apartment portfolio; active acquirer 2023–2025; independent SF-based,Mark Hamilton / David Zanze,Co-Founders / Principals,linkedin.com/company/hamilton-zanze,3,Active Bay Area multifamily acquirer in 2023–2024 per Multifamily Executive published deal records; each acquisition triggers new insurance underwriting and panel inspections,hamiltonzanze.com/news; multifamilyexecutive.com,Active Bay Area buyer with documented recent acquisitions; each new portfolio asset requires panel inspection as a condition of new insurance policies.,Bay Area Wide
49,Tier 2,Blue Line Property Management,"Antioch / East Bay, CA",bluelinepm.com,East Bay focused multifamily; Antioch/Contra Costa area; independent,Owner / Principal,Principal Broker,bluelinepm.com,3,East Bay independent manager with Contra Costa and Alameda County multifamily; older suburban apartment stock from 1970s–1980s confirmed in active listings,bluelinepm.com; expertis.com/property-management/california/marin-county,Independent East Bay manager with older suburban multifamily in Contra Costa County where 1970s–1980s panel inventory is increasingly flagged by insurers.,East Bay – Contra Costa
50,Tier 2,Castle Management,"Bay Area, CA",castlemanagement.com,Bay Area multifamily and commercial; independent operator,Owner / Principal,Principal,castlemanagement.com,3,Bay Area independent managing older apartment and commercial buildings; active portfolio listings on castlemanagement.com confirm older residential building inventory,castlemanagement.com,Bay Area independent managing mixed older residential and commercial buildings where electrical panels are a recurring compliance and insurance issue.,Bay Area Wide